scenario,years,row_count,query,strategy,repetition,seconds,materialization_seconds,duckdb_version,logical_cpus
2026_partial,2026,29877568,q1_trip_characteristics,parquet,1,2.6059309000011126,12.803883399999904,1.5.0,8
2026_partial,2026,29877568,q1_trip_characteristics,duckdb_table,1,2.7814080999996804,12.803883399999904,1.5.0,8
2026_partial,2026,29877568,q1_trip_characteristics,duckdb_table,2,2.6627368000008573,12.803883399999904,1.5.0,8
2026_partial,2026,29877568,q1_trip_characteristics,parquet,2,2.5692734999993263,12.803883399999904,1.5.0,8
2026_partial,2026,29877568,q1_trip_characteristics,parquet,3,3.03291100000024,12.803883399999904,1.5.0,8
2026_partial,2026,29877568,q1_trip_characteristics,duckdb_table,3,2.3983686000010493,12.803883399999904,1.5.0,8
2026_partial,2026,29877568,q2_monthly_behavior,parquet,1,0.5584964999998192,12.803883399999904,1.5.0,8
2026_partial,2026,29877568,q2_monthly_behavior,duckdb_table,1,0.3043188999999984,12.803883399999904,1.5.0,8
2026_partial,2026,29877568,q2_monthly_behavior,duckdb_table,2,0.30377989999942656,12.803883399999904,1.5.0,8
2026_partial,2026,29877568,q2_monthly_behavior,parquet,2,0.530569700000342,12.803883399999904,1.5.0,8
2026_partial,2026,29877568,q2_monthly_behavior,parquet,3,0.5343587000006664,12.803883399999904,1.5.0,8
2026_partial,2026,29877568,q2_monthly_behavior,duckdb_table,3,0.3070079999997688,12.803883399999904,1.5.0,8
2026_partial,2026,29877568,q3_payment_distribution,parquet,1,0.46073189999879105,12.803883399999904,1.5.0,8
2026_partial,2026,29877568,q3_payment_distribution,duckdb_table,1,0.20427160000144795,12.803883399999904,1.5.0,8
2026_partial,2026,29877568,q3_payment_distribution,duckdb_table,2,0.20932100000027276,12.803883399999904,1.5.0,8
2026_partial,2026,29877568,q3_payment_distribution,parquet,2,0.48389270000006945,12.803883399999904,1.5.0,8
2026_partial,2026,29877568,q3_payment_distribution,parquet,3,0.49597890000040934,12.803883399999904,1.5.0,8
2026_partial,2026,29877568,q3_payment_distribution,duckdb_table,3,0.22206070000174805,12.803883399999904,1.5.0,8
2024_full,2024,41216783,q1_trip_characteristics,parquet,1,3.5001836999999796,12.803883399999904,1.5.0,8
2024_full,2024,41216783,q1_trip_characteristics,duckdb_table,1,3.513853599999493,12.803883399999904,1.5.0,8
2024_full,2024,41216783,q1_trip_characteristics,duckdb_table,2,2.9440489999997226,12.803883399999904,1.5.0,8
2024_full,2024,41216783,q1_trip_characteristics,parquet,2,3.951238800000283,12.803883399999904,1.5.0,8
2024_full,2024,41216783,q1_trip_characteristics,parquet,3,3.433767699998498,12.803883399999904,1.5.0,8
2024_full,2024,41216783,q1_trip_characteristics,duckdb_table,3,3.6254897999988316,12.803883399999904,1.5.0,8
2024_full,2024,41216783,q2_monthly_behavior,parquet,1,0.7509798999999475,12.803883399999904,1.5.0,8
2024_full,2024,41216783,q2_monthly_behavior,duckdb_table,1,0.4151882000005571,12.803883399999904,1.5.0,8
2024_full,2024,41216783,q2_monthly_behavior,duckdb_table,2,0.43055939999976545,12.803883399999904,1.5.0,8
2024_full,2024,41216783,q2_monthly_behavior,parquet,2,0.721754799998962,12.803883399999904,1.5.0,8
2024_full,2024,41216783,q2_monthly_behavior,parquet,3,0.7493630000008125,12.803883399999904,1.5.0,8
2024_full,2024,41216783,q2_monthly_behavior,duckdb_table,3,0.4133240000010119,12.803883399999904,1.5.0,8
2024_full,2024,41216783,q3_payment_distribution,parquet,1,0.6214381999998295,12.803883399999904,1.5.0,8
2024_full,2024,41216783,q3_payment_distribution,duckdb_table,1,0.31605450000097335,12.803883399999904,1.5.0,8
2024_full,2024,41216783,q3_payment_distribution,duckdb_table,2,0.2771790000006149,12.803883399999904,1.5.0,8
2024_full,2024,41216783,q3_payment_distribution,parquet,2,0.6304044000007707,12.803883399999904,1.5.0,8
2024_full,2024,41216783,q3_payment_distribution,parquet,3,0.6377247000000352,12.803883399999904,1.5.0,8
2024_full,2024,41216783,q3_payment_distribution,duckdb_table,3,0.2729469000005338,12.803883399999904,1.5.0,8
2024_and_2026,2024+2026,71094351,q1_trip_characteristics,parquet,1,6.339903799998865,12.803883399999904,1.5.0,8
2024_and_2026,2024+2026,71094351,q1_trip_characteristics,duckdb_table,1,6.391522300000361,12.803883399999904,1.5.0,8
2024_and_2026,2024+2026,71094351,q1_trip_characteristics,duckdb_table,2,6.161574499999915,12.803883399999904,1.5.0,8
2024_and_2026,2024+2026,71094351,q1_trip_characteristics,parquet,2,5.913250499999776,12.803883399999904,1.5.0,8
2024_and_2026,2024+2026,71094351,q1_trip_characteristics,parquet,3,6.209390599999097,12.803883399999904,1.5.0,8
2024_and_2026,2024+2026,71094351,q1_trip_characteristics,duckdb_table,3,6.206049300000814,12.803883399999904,1.5.0,8
2024_and_2026,2024+2026,71094351,q2_monthly_behavior,parquet,1,1.260019100000136,12.803883399999904,1.5.0,8
2024_and_2026,2024+2026,71094351,q2_monthly_behavior,duckdb_table,1,0.9040972999991936,12.803883399999904,1.5.0,8
2024_and_2026,2024+2026,71094351,q2_monthly_behavior,duckdb_table,2,0.8649645999994391,12.803883399999904,1.5.0,8
2024_and_2026,2024+2026,71094351,q2_monthly_behavior,parquet,2,1.2853293999996822,12.803883399999904,1.5.0,8
2024_and_2026,2024+2026,71094351,q2_monthly_behavior,parquet,3,1.2461352000009356,12.803883399999904,1.5.0,8
2024_and_2026,2024+2026,71094351,q2_monthly_behavior,duckdb_table,3,0.9081403000000137,12.803883399999904,1.5.0,8
2024_and_2026,2024+2026,71094351,q3_payment_distribution,parquet,1,1.1051181000002543,12.803883399999904,1.5.0,8
2024_and_2026,2024+2026,71094351,q3_payment_distribution,duckdb_table,1,0.6279830999992555,12.803883399999904,1.5.0,8
2024_and_2026,2024+2026,71094351,q3_payment_distribution,duckdb_table,2,0.6480969000003824,12.803883399999904,1.5.0,8
2024_and_2026,2024+2026,71094351,q3_payment_distribution,parquet,2,1.1128162999993947,12.803883399999904,1.5.0,8
2024_and_2026,2024+2026,71094351,q3_payment_distribution,parquet,3,1.071806000001743,12.803883399999904,1.5.0,8
2024_and_2026,2024+2026,71094351,q3_payment_distribution,duckdb_table,3,0.6320735999997851,12.803883399999904,1.5.0,8
